,SPY,QQQ,IWM,EFA,EEM,TLT,LQD,GLD,VNQ
SPY,0.02950535754715308,0.03748020439803131,0.0327818724206414,0.02284035702789279,0.0231762423807777,0.0023967716416261023,0.005637073261080865,0.004871867394021902,0.02128087262893462
QQQ,0.03748020439803131,0.052761718587195326,0.04010544733620014,0.02800337782218978,0.03173582469415826,0.002896486761383805,0.0070050270308496245,0.006460008317588353,0.02238847576309723
IWM,0.0327818724206414,0.04010544733620014,0.05022632872510652,0.028103896659145547,0.029083450803980282,0.0041866096907275056,0.007451860919002282,0.00715738813157139,0.02967547726625393
EFA,0.02284035702789279,0.02800337782218978,0.028103896659145547,0.027616341907402534,0.026296114886222695,0.004026340957031258,0.006076896644492732,0.01011630606388413,0.01949140863439091
EEM,0.0231762423807777,0.03173582469415826,0.029083450803980282,0.026296114886222695,0.03975365868827554,0.0032502682815494207,0.005488759644641652,0.013328041173561804,0.0157914113596261
TLT,0.0023967716416261023,0.002896486761383805,0.0041866096907275056,0.004026340957031258,0.0032502682815494207,0.024707308132323604,0.011960704154472868,0.006262991743508907,0.008686014871644101
LQD,0.005637073261080865,0.0070050270308496245,0.007451860919002282,0.006076896644492732,0.005488759644641652,0.011960704154472868,0.007494192292371945,0.004442928458930175,0.00799018964418931
GLD,0.004871867394021902,0.006460008317588353,0.00715738813157139,0.01011630606388413,0.013328041173561804,0.006262991743508907,0.004442928458930175,0.03564107708956553,0.005828281231193536
VNQ,0.02128087262893462,0.02238847576309723,0.02967547726625393,0.01949140863439091,0.0157914113596261,0.008686014871644101,0.00799018964418931,0.005828281231193536,0.035612900414443954
