Date,U-MVP,L-MVP,U-TP,L-TP,Equal
2024-09-19,0.002713543275280956,0.005927953135724853,0.030301032701470432,0.015945713778134005,0.013027570759332073
2024-09-20,0.007076922931563515,0.0030395438514409755,0.045348214183246,0.008872824941607432,-0.0022756721036211016
2024-09-23,-0.0006752411782184847,-6.192405108250933e-05,-0.0008083982843883307,0.00208886336991608,0.0023744512812707715
2024-09-24,0.006364941283608081,0.005606272240621471,-0.024429260980751683,0.01101673201689312,0.007358228865948244
2024-09-25,-0.004420822904512423,-0.004874222813819571,0.031010476090251322,-0.0016007007660099513,-0.005745278339977539
2024-09-26,-8.949323291209711e-05,0.0027990793278479024,-0.05090526733129094,0.004788613355501822,0.008204649535646985
2024-09-27,0.0033797054920341988,0.0008715230527275869,-0.02639700420173022,-0.006212043397479924,-0.0006314892305867119
2024-09-30,-0.0027563314751848866,-0.003687624678346712,0.028059006893875554,-0.004808182554170278,-0.0019626353095751003
2024-10-01,0.008121723985794797,0.005076222375075271,-0.007517848328581914,0.005321731263287789,-0.002293282121916879
2024-10-02,0.0038221660848323964,-0.0006478318655979018,-0.01872276273650657,0.0002617036639738519,0.000462744495780738
2024-10-03,-0.0033659214640469094,-0.005138759551090208,0.038953545194660016,-0.000994057038711208,-0.0062415704813857855
2024-10-04,-0.0012535375378542604,-0.003077121480213546,0.0157418252301706,0.0009498693368511775,0.0028328886293499528
2024-10-07,-0.0018376960379799477,-0.004509522168600566,-0.029573479848979255,-0.004890195369482476,-0.005526207235202836
2024-10-08,-0.0014338013026381435,-0.00047412814242620157,0.051141056373439575,-0.002898843051094999,-0.00032136577386929373
2024-10-09,-9.77836654847872e-05,-0.002184364841497341,0.027816493165515415,-0.0021576658285945675,-2.430401322473613e-05
2024-10-10,0.0025364417159982264,0.0007451639799679711,0.021479268818185383,0.004926055305822709,-0.0015816339789386515
2024-10-11,0.003000843873445067,0.00287413779193607,0.019254238157526162,0.009604384231424937,0.006465639205851735
2024-10-14,-0.0006852440035617643,0.00015909003783027756,0.02303282654316018,0.0009773340272562071,0.0031084824724138347
2024-10-15,0.0004036785522325613,0.0026212283446037563,0.0033353060549853545,0.00048138507284053913,-0.002843756063733788
2024-10-16,0.003289999202732671,0.0038005947462385822,-0.00786237166120616,0.00482747146965307,0.006066360347009366
2024-10-17,-0.001086542332546396,-0.003849912893038329,0.044297022913192,0.004419483440266493,-0.0031719818143125886
2024-10-18,-0.00158365735698971,0.0020901553068585874,0.012049885403479208,0.0088184154939627,0.004734232961577943
2024-10-21,-0.0024418617352015633,-0.007362916752954445,0.055347958385460506,-0.0005825860052716986,-0.009080050889184552
2024-10-22,0.0007205650170643775,0.0020602794782690237,0.026636654751967647,0.007778891442082486,0.00022648625260321658
2024-10-23,-0.003512591091909128,-0.005706922219963955,-0.03169882846009413,-0.011276203436597021,-0.006711998175115681
2024-10-24,-0.0015695170752562859,0.003750887522996731,0.005051881077507341,0.0062232858329144694,0.00398436511400592
2024-10-25,-0.001147417172167565,-0.0012422972712842898,0.012782747965427388,0.0014185094617843348,-0.001958568456412197
2024-10-28,-0.0005888479360091415,-0.00014866139694176564,-0.007262910967260228,0.000850613305543625,0.003515949615052986
2024-10-29,0.0006666485843746128,0.003074625481593492,0.03021788890982311,0.008429222925628867,0.0008581769317904246
2024-10-30,-0.0018408489422742109,-0.00032855374609507557,0.022077257052825254,0.0032384158959336416,-0.0018434907613014352
2024-10-31,-0.004282776931115267,-0.006289490691422538,-0.06483222945178427,-0.016586955621107156,-0.01187706007797756
2024-11-01,-0.0008558230083170835,-0.004228632930872507,0.02076381536842966,-0.001890266333699575,-0.0016204776552255296
2024-11-04,0.0012681777226753903,0.00538891514804335,-0.046988153135235015,0.0004743843174291458,0.004631801574369412
2024-11-05,0.003644197839621429,0.0051390884640035205,-0.009198584494388004,0.004869115222321297,0.010318075671170697
2024-11-06,-0.0009135897150308798,-0.012075333123369269,0.04929827608216628,-0.01570121340946467,-0.0007035470695363603
2024-11-07,0.009575270763020682,0.012821422256332909,-0.013240646803507953,0.01385863245391112,0.012183115602747248
2024-11-08,-0.0025371712013815433,0.0002868971283106795,0.021962029211656672,-0.0038188731052285043,-0.00014689629507988423
2024-11-11,-0.0038158473869402566,-0.006419844701133056,-0.03760029650850969,-0.016979726061890927,-0.003023626990313757
2024-11-12,-0.003127675441076269,-0.008904946281552167,0.051856329392837845,-0.0071629182657389125,-0.011830260426129433
2024-11-13,-0.00027520794122506975,-0.004881418217972647,0.013364961046303171,-0.007272643983107551,-0.004541359660683711
2024-11-14,-0.0035589672826506075,-0.0014228335775301765,-0.009566892531127344,-0.003624759817177018,-0.004047704228474756
2024-11-15,0.004890268705051838,-0.0009945482142068314,-0.019904310882905292,-0.004705423425816454,-0.00651143965911977
2024-11-18,0.0030458087901282034,0.005968876129079415,0.023281896165578315,0.01505389962772612,0.006640201088786889
2024-11-19,-6.138118631513379e-05,0.0035470263331832995,0.01423210360895162,0.007549575789235289,0.004114061051701767
2024-11-20,-0.00027502498373698035,-0.0004707848163303852,0.022583637625924014,0.0042252197241882065,-0.0004467039942752777
2024-11-21,-0.0007771506015357444,0.0012354673322903275,0.028633592162707187,0.007549802682821716,0.004010768049639687
2024-11-22,0.0005937339579930137,0.003549553670528117,0.018462979831506385,0.01028933308239323,0.005465931784645899
2024-11-25,-0.0010191431651024197,0.0025906283118838883,-0.1105037805934066,-0.02072741168922965,0.005425952637663673
2024-11-26,0.0006979996235850613,-0.0011094100758294548,0.04388244700910667,0.0028109445334527144,-0.000797683572393611
2024-11-27,0.001483095470064244,0.00277632240321621,-0.01863900558951647,0.0008265376211255968,0.0018348228690702483
2024-11-29,0.003191506442249913,0.006517576837789075,0.017748239275535063,0.007983384419467584,0.006050662730680293
2024-12-02,-0.0015837512314760126,-0.00047146679198288284,-0.02789696185872144,-0.005951141097490576,-4.991973487956307e-05
2024-12-03,-0.0008477592556150051,-0.0018637973879269128,0.018012533602554632,0.0016010347283671386,-0.0012274062209084156
2024-12-04,0.0009950274061681708,0.004459185929987688,0.001389544013477341,0.0038777852997744083,0.004592761045013186
2024-12-05,-0.0008221912099189229,-0.0015836662578142936,-0.024067013462277166,-0.005868863564206643,-0.0013986289520726432
2024-12-06,-0.000341328413944389,0.0016896015627106775,-0.00510755657527542,0.0007759510512438224,0.0017060145479265588
2024-12-09,0.004346731196658828,0.0007843972785898961,-0.01518064177828928,0.005914446470677759,0.0003264209482684585
2024-12-10,0.0028341038527829594,0.0008340591242718306,0.06805815586125112,0.008838993578903788,-0.004834717643469458
2024-12-11,-0.0010378093817354642,0.000868004241437442,0.035913046052455946,0.009054583868075831,0.003952938846946653
2024-12-12,-0.00200351542526319,-0.00745777718287958,-0.010297994200094467,-0.012135791048685101,-0.008043423857579151
2024-12-13,-0.005874127592695974,-0.0062852880434274075,-0.01870798520709896,-0.008930550090702198,-0.003558527538271215
2024-12-16,-0.0027032757736113926,0.0014746336802483897,0.009713840648416421,0.0029082248066111026,0.00210927485934666
2024-12-17,-0.0007784271857037985,-0.0011340145408107842,-0.008745942629867467,-0.0039134476110161374,-0.003341626621199594
2024-12-18,-0.0077802419503097825,-0.01551841298970181,-0.014912350204531431,-0.022007336649660925,-0.027034305449590547
2024-12-19,0.004870121101823654,-0.003269059588429766,0.03779616378026847,0.0009617701821949857,-0.004848663106690928
2024-12-20,0.00645959886480044,0.0058898029778452115,0.042435374942550876,0.010853193238274996,0.0075866349598203734
2024-12-23,-0.0007532710758803563,-0.002284651782531559,0.006560102720085814,-0.0018656668122078665,0.0014185315780710819
2024-12-24,0.0024783838551181736,0.0034506860894015817,0.01958294259892164,0.004416881470083998,0.006245005160844144
2024-12-26,0.00014728931598421578,0.0019068334265804378,0.009820364664996358,0.004974449012814424,0.0022962791116491786
2024-12-27,-0.0018994678431659192,-0.005231993261381725,-0.013369290288715512,-0.007842266878643157,-0.008180217334504077
2024-12-30,0.0009564963518850595,0.0011086407334660647,-0.03404840245222285,-0.005374974110340063,-0.004756166937518923
2024-12-31,-0.0006419348373182881,-0.0008106309763744195,0.013032590369544843,0.003609898024265253,-0.0007912474202773144
2025-01-02,0.000869628441990167,0.0026580937184385017,0.02538785883241266,0.009323182379990982,-0.00010122223966836533
2025-01-03,-0.00354496167718122,-0.001941132553423607,-0.009482204096692516,-0.0024505713986710904,0.006355803895725807
2025-01-06,-0.002026994386618397,-0.00141286639672276,0.016077967793184246,0.000626437823781593,0.0010708246146771776
2025-01-07,0.000719793887602744,-0.0030631597405731507,0.018936808729230207,0.0011316739326180936,-0.00720093872344478
2025-01-08,0.00300226573944683,0.002116797561820787,0.028933560438078557,0.004291131991383194,0.00017775288046170944
2025-01-10,-0.0018114652480059404,-0.0037048772829623433,0.042408416611291674,0.0029598904549077787,-0.012487767443656083
2025-01-13,-0.00439167406443134,-0.004161569687391687,-0.004052244166245313,-0.006894248437550829,-0.0011348438187743484
2025-01-14,0.00273747215952224,0.00241563677122642,-0.015190104899256672,0.004219921570377614,0.004505535425066826
2025-01-15,0.008553381120460135,0.011539388658391625,0.007933964184119601,0.01033320213810741,0.014349148587198372
2025-01-16,-0.00010118083311214587,0.0025906853542588394,-0.003983508035953664,0.004562951264793722,0.0033141781641645904
2025-01-17,-0.0005918385410155383,0.0005150129461045216,-0.003584695796567755,-0.001228126950180841,0.004420762850677236
2025-01-21,0.002940712518064569,0.008261897792851218,0.00798883441110891,0.013802289520893395,0.01267548942879168
2025-01-22,0.0004513240435372358,-0.0006388236953903174,0.04710353739515825,0.005264775774834745,-0.0011535542236093138
2025-01-23,0.002099232372497227,-0.000752883509126138,0.01735287096818489,0.00041191049448060894,0.0021606936526715912
2025-01-24,0.0012468824076910794,0.0026748431109527774,-0.012243173466133427,0.0037899297736243434,0.0018766256728625548
2025-01-27,0.0024159504619774277,0.0007657945498008889,-0.040718340403398036,-0.011399034812809537,-0.0054828108546499926
2025-01-28,0.001477423126971246,0.0017802487041273306,0.03994244351960493,0.008639366061540494,0.002786086201719988
2025-01-29,-0.0016961524617072625,-0.002001750565877951,-0.0172293886014189,-0.0040111437037591,-0.003215591268187889
2025-01-30,0.0023985531106472764,0.005734134632815898,0.0008119997136139916,0.01254648381992469,0.009065006410414116
2025-01-31,-0.0026508377931725165,-0.0026303492864410347,0.018449459710072984,3.660006359904001e-05,-0.0051667770890272465
2025-02-03,0.00013325549313614448,0.001403095375139724,0.006113180348407264,0.002130076536795082,-0.0036075102402792917
2025-02-04,0.00037715245185050006,0.00458204737300442,-0.012840167024935303,0.009013770476665321,0.008668750728127483
2025-02-05,-0.0014393741727022537,0.006228156681945636,-0.010808597988265743,0.005636771894425142,0.007821338279434655
2025-02-06,-0.002734185813183674,-0.001386705406104082,-0.0009360810053658797,-0.0010220394772897426,0.0013246122740514779
2025-02-07,-0.0006645569744647638,-0.0032898060928480068,-5.981010079165409e-05,-0.0011229690766521284,-0.006224953670181261
2025-02-10,0.0031753955728383194,0.004692859004318228,0.032753188851546766,0.014241265053060288,0.006220703689561545
2025-02-11,-3.678911706204947e-05,-0.0023734613902157272,0.015772433332677197,-0.0024789465270754485,-0.0016113183625431748
2025-02-12,-0.0012301799904799327,-0.0034684548822201122,0.005032410322038652,-8.739884055481133e-05,-0.003309104828159536
2025-02-13,0.001395501340957707,0.008360047121078264,0.003628404524204892,0.010047526595307617,0.010997458115520662
2025-02-14,0.0005350985097432366,-0.0001473824636345104,-0.057996780919702146,-0.010932117637687654,0.0002610100819482906
2025-02-18,0.001465552588173985,0.0011500605724570209,0.04338646791330586,0.012939507910663272,0.003264410798859993
2025-02-19,0.0035378236005764356,0.0006048103973406019,0.021273201564005095,0.0010327211266771834,-0.0010606499222191874
2025-02-20,0.0010893530167313979,0.0018060195514317831,-0.03227183736031088,-0.000726277865166203,0.0008115991456753655
2025-02-21,0.0005400247022192297,0.0008311112771782591,-0.03908118306575531,-0.0052234457106642785,-0.007879399834036016
2025-02-24,0.003238663184821181,0.0019459207420064854,0.03208603652440839,0.0027769991206301444,-0.0027442023332976233
2025-02-25,-1.0333620032031534e-05,0.002104996723398825,-0.06883238256064309,-0.011004820853993305,0.0013759604751530472
2025-02-26,0.0007897792078752034,0.0021759381730894626,-0.021243792770193462,0.0012548191678204681,0.0023117349774645795
2025-02-27,-0.0026685066323735886,-0.007964859463722634,-0.020067128667338507,-0.015431864109633752,-0.012474383122415968
2025-02-28,-0.0003760441399404339,0.002282081286694731,0.03974390843650091,-0.0004526504480899746,0.005479284264069644
2025-03-03,3.3749582217092264e-06,0.003259139463214299,-0.006256930056187968,0.005020549082767849,-0.004313194600199904
2025-03-04,-0.0010140525709427326,-0.000953539383285441,-0.022857860592552504,0.00323979132993335,-0.004050372179537087
2025-03-05,-0.001395991820480444,0.00022671196315490733,-0.02215335811183196,0.004384793309625133,0.009946394421501352
2025-03-06,0.0016186045701444686,-0.00472945642837474,-0.015827768749402338,-0.00844874436750624,-0.01270444944328716
2025-03-07,-0.00199769221824904,-0.0003473153516071569,0.005894854369464567,0.001872975727360943,0.0037049716299112014
2025-03-10,0.0014984090894565004,-0.002401945914000587,-0.04067965230077448,-0.01350816789375538,-0.015835009458760454
2025-03-11,-0.006034978542400583,-0.0022711248693854033,-0.010981591488444357,0.006400980147171952,-0.0021700365231754827
2025-03-12,-0.002168248114643744,-0.0004998129651981501,0.017911586846349567,0.0046019209322806145,0.0025906256891578125
2025-03-13,0.004951669180279087,0.004704788495321117,0.019030716448687354,0.00949365505667258,-0.005223598468286389
2025-03-14,0.00023686176074668146,0.002005656684203585,0.01018029696700051,0.005783579646397933,0.0133681135619286
2025-03-17,0.00032084150467408647,0.003750853967338627,-0.01814262517661227,0.006024269810858166,0.009401208755442488
2025-03-18,0.0047903882362102185,0.0030709284581970798,0.011111962892041524,0.005696905246740862,-0.0035438616376910937
2025-03-19,0.006071480993989181,0.00575700326224714,0.019736509339126945,0.005910617131572306,0.006845724992047254
2025-03-20,-0.001967003814259281,-0.001841789992219739,0.01157131906043577,-0.0017088440381260504,-0.003669682289564175
2025-03-21,0.0013168659338896873,-0.0027824252385145504,0.009652874993567331,-0.005822657763911989,-0.004451701324924458
2025-03-24,-0.002114549077064673,-0.002370834137580051,0.02732502984953666,0.0014908124953428134,0.007274360288207552
2025-03-25,0.0018537205223422308,0.0016677730680108136,0.029720792614520514,0.0038697116319477104,-8.476238737692475e-05
2025-03-26,-0.0009632882372368604,-0.004041406724054919,-0.008304885751284876,-0.003779496266998922,-0.007451207720453771
2025-03-27,0.0027947183402643435,0.001977443266186788,0.02488504734295151,0.009136753140298381,8.184229817130692e-05
2025-03-28,0.0012082699836304396,0.0034241649664899327,-0.017127640470147212,8.953641327630497e-05,-0.007595877979914352
2025-03-31,0.004852393828882904,0.0047358162908563185,0.06192475168314718,0.012329770991045336,0.0029837202913703498
2025-04-01,-0.000889944601802296,0.0023474714565169252,-0.019241869133174286,-0.0007017241409686567,0.002928985473585449
2025-04-02,0.0024999091779734795,0.0025073137131229922,0.006047886847419553,0.0031883776998790914,0.0047637949481812185
2025-04-03,-0.002990215022180466,-0.005770726030570281,-0.0821866383368813,-0.017531691589719855,-0.027202651959411298
2025-04-04,-0.009242950380444325,-0.012113302628302266,-0.1032004819372217,-0.03273493686832374,-0.03820807903054277
2025-04-07,-0.012933956418629995,-0.019307806244837585,0.07917392981420221,-0.016248529493724264,-0.018570551429476185
2025-04-08,-0.006090719601824581,-0.009161704275308007,0.04818310573053945,-0.00016609092442922656,-0.014492320869191014
2025-04-09,0.025614201044630885,0.029491496729379996,0.1993293554524848,0.05507237490189027,0.06397533403371199
2025-04-10,-0.011360668365173856,-0.010342113865593772,0.00684502669406198,0.006285408380340758,-0.02314428527681804
2025-04-11,0.0002171046664249264,0.006396955462459518,0.02245581442232516,0.01875610294208715,0.015981630843154
2025-04-14,0.0038119995422923364,0.004074755350719317,-0.02423334396073968,-0.0016108844120344486,0.00848975797502357
2025-04-15,0.001783860732602174,0.004501655866304347,-0.01672406637545347,0.003097234749115691,0.002758030919438625
2025-04-16,0.004536929779815224,0.007560742908814914,0.019230935840618954,0.017983815366744135,-0.003978812510059775
2025-04-17,-0.0006584669777667499,-0.0014587372389351814,-0.025609246807166468,-0.0028444548250112713,0.003142182739514168
2025-04-21,-0.0035260476968570764,-0.002620070697857894,0.034771685806912936,0.016386746941826975,-0.010269909605231253
2025-04-22,-0.0006836101094620716,0.0012146364010369153,-0.0056431530102435574,-0.003507397342669175,0.014126993320607236
2025-04-23,-0.001237158474647733,-0.00039157124701297714,-0.052403004152226616,-0.013486833132946373,0.0067277824531827915
2025-04-24,0.010003403918349479,0.011993677233081292,0.04321360436264761,0.016281983019805858,0.01479643987351567
2025-04-25,0.0020537095105762123,0.0017993899861087177,-0.009614206022582672,-0.006039693684270821,0.0023613594047181474
2025-04-28,8.817940519145219e-05,0.004640056729008132,0.012809515636896678,0.010558084362868123,0.0046499695410912485
2025-04-29,-0.0016676691079296792,0.00010914142606909505,-0.022075481584601306,-0.005476116145285071,0.003321232248895153
2025-04-30,-0.002402444412455656,-0.00462116611323606,-0.0035364449000633404,-0.0053880292958656565,-0.0023793555013371277
2025-05-01,-0.005831472240504751,-0.006203941378885449,-0.026926855722669524,-0.013367642315969952,-0.0003479652019852219
2025-05-02,0.0023513139970388736,0.000935430687558721,-0.008714619899094564,0.005228953841873697,0.011191627155018966
2025-05-05,0.004271373989947459,0.005150113330229571,0.04608139621906805,0.02040515754004831,0.0011777146422509688
2025-05-06,0.004198336335834052,0.006405261740598538,0.04878786889349171,0.018353923770114088,-0.0009118326643313009
2025-05-07,-0.0008337699779736925,-0.0018754538388741657,-0.004683193782247505,-0.009890279062787978,-0.001225586820993793
2025-05-08,-0.004201562046772429,-0.007039253324869733,-0.019688774097404403,-0.012607744008180176,-0.000849445547311661
2025-05-09,-0.001709897311346195,0.0014298421413792449,-0.007412779765393293,0.004987731755326859,0.002544717291611165
2025-05-12,0.004192533446112244,-0.0027253255198596365,-0.007916674239874001,-0.011914148237507945,0.011434844528564535
2025-05-13,0.00290067920801942,0.0020135576350284565,0.027945318086053765,0.004882264358212028,0.0018710076267528413
2025-05-14,-0.004084364470713463,-0.0074248940823128905,-0.03639107650499881,-0.01510649628751743,-0.004600699187757836
2025-05-15,0.005624115488902145,0.008527978341395936,0.02698947734873329,0.013019119850346242,0.008131084593359952
2025-05-16,-0.00030795613600962746,-0.0008102842703909481,-0.018048172883251515,-0.007190954562021176,0.002833515601629877
2025-05-19,0.0023754750560461397,0.0029130810148727923,0.03343911102235049,0.009747879699195485,0.002203690410369031
2025-05-20,0.0010751891123980965,0.0019438776284845314,0.040954625945330156,0.01277899763889807,7.147478850226899e-05
2025-05-21,-0.005365031842375039,-0.007359638634967538,0.019053685840773417,0.00093875687614007,-0.01275076455091772
2025-05-22,0.003256909878654351,0.0015229907724513994,-0.01980432154650761,-0.006401259515810111,-0.0005206824945610572
2025-05-23,0.002320960457686512,0.004739043722040499,0.018006281689267024,0.014269555373770575,0.0012897691898524244
2025-05-27,0.0009283522217622387,0.004028975950428035,-0.015020383932017255,-0.006918309808443607,0.011704807517549515
2025-05-28,-0.0010397523156045838,-0.002721903509128376,-0.0020760543020632476,-0.0032014145861184295,-0.005207578760389096
2025-05-29,0.002565331231161786,0.004716020839569301,0.0031081890038916343,0.005399144997020537,0.005078433597305745
2025-05-30,0.001294004895519938,2.4855526617772385e-05,0.003921754024362893,-0.0051261596589779815,-0.0022955641393700055
2025-06-02,0.002742376766737967,0.004316906063182692,0.07005379562242209,0.02101325805596985,0.005598357368570122
2025-06-03,0.00132362153172445,-0.001015425950011653,-0.013985223151399282,-0.004986153440378092,0.0013688566741448965
2025-06-04,0.002099673487439,0.006755652572763165,-0.03521665714142186,0.004658470041114529,0.00548300441084121
2025-06-05,-0.004559877418177458,-0.003278484459661192,-0.03436414225028172,-0.004992232338435886,-0.0017374002017441221
2025-06-06,-0.0031166063610229174,-0.006017607783975096,0.0037044747904182752,-0.007120777023202937,0.0017351267007846114
2025-06-09,0.004265817364435172,0.003417806899439,-0.011328650046735243,0.0037039248320593857,0.00308644891550262
2025-06-10,0.0008678150646094017,0.0023482119001533067,-0.006115481361997347,0.0017224514811190106,0.004571222175025611
2025-06-11,0.004736528503014932,0.003231741731167416,-0.002520831258856708,0.003215686901475984,-0.0001763530777281403
2025-06-12,0.003743915725374766,0.006722181771611939,0.025363761883532492,0.01017540875296587,0.005169482425177663
2025-06-13,-0.0011697271977947478,-0.0027861832106793397,0.055685085229278626,0.006647002242769905,-0.009217523076690983
2025-06-16,0.0010143974292307302,-0.0029854752019448615,-0.02278075009326799,-0.007940388132354452,0.0028782888492950675
2025-06-17,-0.000822573025512796,0.001295523694193352,-0.007185413805418011,-0.0018944258988820074,-0.00462907512319691
2025-06-18,-0.0017098062138418807,-0.0006388019830810388,-0.022372354522906607,-0.003994232159887065,0.0007792948445846868
2025-06-20,0.003234364473527703,7.665540723484067e-05,0.009643587163827991,-0.0009318519443895943,-0.0028198281528303147
2025-06-23,0.0013607039978677186,0.0033815712824054357,0.00272813621497728,0.004874333727661929,0.007994796929873468
2025-06-24,0.0016042735048378569,0.0017515598668217706,-0.07063094258396117,-0.008605052807870193,0.008450919541534643
2025-06-25,0.002428065520140232,-0.00010306284772602552,0.03235860021005234,0.0023789298585243117,-0.003791073807664459
2025-06-26,0.0013373734130197863,0.00310239701684935,-0.01085964523802231,0.001266670128625922,0.006437444430474173
2025-06-27,-0.0015445473880155297,-0.004687061133801988,-0.00848341707877868,-0.01198610725792067,-0.0010922367029752664
2025-06-30,0.004097256800457863,0.006707115352475373,0.018499024974961923,0.010069995839155927,0.005571865389079133
2025-07-01,0.0033973604574466586,0.0027298716296761806,0.011089254621572824,0.006465329004942073,0.002403526626680608
2025-07-02,0.0020007932997738918,0.001531874663281918,0.010753225056675891,0.0052633242165804825,0.0037713165905041146
2025-07-03,4.1966188410596015e-05,-0.0022792026885653945,0.004668466281004238,-0.002914654690824694,0.0018553356990995574
2025-07-07,-0.0027145585078212934,-0.004995184732934107,0.03331207342676238,-0.001430919528297706,-0.008699662888045192
2025-07-08,-0.006170747697971385,-0.0039106105950278,-0.04346130886785012,-0.007813237120838992,0.0004973907830002846
2025-07-09,0.0018977273224295033,0.0051989655839848005,0.007560606366846616,0.004876692551339861,0.005692674202294136
2025-07-10,0.0018753038378079429,0.0009018677640374124,0.008765304904258163,0.0023838100485686652,0.0019918694252993876
2025-07-11,0.0005285326996462545,-0.0025073587034759506,0.04542759369588017,0.006115238923411906,-0.004731918071754483
2025-07-14,-0.0012596287275858519,-0.0007528523159650609,-0.013935676542308807,-0.0021766042352988,0.0015707686804852725
2025-07-15,0.000853469793924273,-0.0033428399247317706,-0.005961588687485789,-0.004186967993034933,-0.0061828090900865685
2025-07-16,0.0016529328948851267,0.002543065684314314,0.000650896850619003,0.0045509327612572505,0.004516872227229183
2025-07-17,0.0030386689856634007,0.0018587153325708892,-0.006689671974476327,3.068543138434027e-05,0.0038389157605219198
2025-07-18,0.002675279847331668,0.0016559397549929008,0.010822389796916763,0.0017149675600119047,-0.000639575546145412
2025-07-21,0.001641019258372766,0.0062321504451379834,0.012931254221182825,0.011788897607547113,0.005238906889574945
2025-07-22,-3.594474908507044e-06,0.003634365035874774,0.0002374228653206894,0.0070019251912811255,0.004942984591423259
2025-07-23,-0.0017223957620017593,-0.002619329559490147,-0.02203937156474824,-0.006843836915143037,0.005084662248923814
2025-07-24,-0.00011575199346447544,-0.002462918093475017,0.014570239164342873,-0.004404160795496169,-0.004110420260359223
2025-07-25,0.0017299144856487004,0.00044950203169627013,-0.0072736267315274584,-0.005668670077744981,0.00072008382727064
2025-07-28,0.002123350509253763,-0.0030010720594861443,0.016078413308458262,-0.00481969027327,-0.00578160848697515
2025-07-29,-0.0008158632322998983,0.004888963059384193,-0.032788103159160864,0.001318291386441533,0.0033493625498815702
2025-07-30,-0.0034693947083091698,-0.006522903308783795,-0.011049356449122536,-0.013017089847109801,-0.006648881067109135
2025-07-31,0.004300071956148139,0.0010697947917941424,0.033691881209778646,0.003882065617195286,-0.0046518812559676916
2025-08-01,0.006523517830992495,0.008756975467742121,-0.000291080244592821,0.01054788007965633,-0.002842874157576761
2025-08-04,-4.4465667375697716e-05,0.003914193419777804,0.01448475576701811,0.008315394065126172,0.011135252509822294
2025-08-05,-0.0017458620782016946,0.00040414689078053227,-0.032297364937510474,-0.0007571456426353428,0.0005736368054087537
2025-08-06,0.002646277385751113,0.00012048091736350618,0.020709801322743453,0.0004784923875939945,0.0015857690500266667
2025-08-07,-0.0021979055389660662,0.0013478169154266609,-0.005256981170169551,0.0059726443179804675,0.002806327243093436
2025-08-08,-0.0012030845939668567,-0.0016715488552037088,0.03729436836617497,0.0019083753135820353,0.0009596762504881067
2025-08-11,0.0010256443475663607,-0.002197613077602898,-0.0294844575627137,-0.011079672338700452,-0.0033889343222487517
2025-08-12,0.0013441112273111944,0.0016919329846382118,-0.014120371706683173,0.0021633101750081845,0.008657923256126163
2025-08-13,0.0030495338660260843,0.004951187757658903,-0.03380527309865812,0.003148656123921116,0.007486217675143045
2025-08-14,-0.00074065167312345,-0.004138907425721462,0.035530965303057806,-0.004629188124732665,-0.005562761352198124
2025-08-15,0.0009304997311483285,-0.0008667450358422169,0.0004927754832020734,-0.0001921923728775036,-0.0007333196367920456
2025-08-18,0.00020173896195998966,-0.001348597636195478,-0.0074844703677194105,-0.0012041297573446403,-0.0007768951121004908
2025-08-19,-0.001554022125892399,-0.000807693453432417,-0.01830931502118234,-0.005460501781773297,-0.0017369920021734566
2025-08-20,0.0006287050231490812,0.00216841543940747,0.017189476949865827,0.006725630455349619,0.0006325222246802677
2025-08-21,-0.0031669904720932683,-0.00370211077211614,-0.009982977188666121,-0.003613949602594677,-0.00331868821204253
2025-08-22,0.006079626656638874,0.00948425404139542,-0.01587341701270292,0.011942397187370703,0.01669903933713551
2025-08-25,-0.0010238009831485225,-0.002838485678518779,0.007062813415669262,-0.0029426923237008467,-0.005599194818138499
2025-08-26,0.0027050868538458306,0.002212069248063758,0.0324075003989436,0.006444697882518501,0.0019545613440358927
2025-08-27,0.000518660849266282,0.0005982229256045935,0.016286592625357196,0.0020877863364111276,0.0011108087321213013
2025-08-28,-0.0004037270841904201,0.003004846055118512,0.011100667218681068,0.006388406371542499,0.0034929130553613867
2025-08-29,0.0005365440435446144,-0.0010795541255509248,0.027091112974691807,0.005499955098737984,-0.003142355596108581
2025-09-02,0.004167406559040538,0.002081295276048028,0.055443051009706465,0.015389056217089457,-0.003951376208736733
2025-09-03,0.004408785429305629,0.006225967464109008,0.013759685707633584,0.007190797000451254,0.004776028648070231
2025-09-04,0.003479536595272884,0.004205893669164543,-0.0027836403551335593,-0.0010230795341018228,0.005723889367754217
2025-09-05,-0.0007469801228473193,0.007469565510805435,-0.043274509122020334,0.009028942588315571,0.00738148176303751
2025-09-08,-0.0008554765542030011,0.005294949110613188,-0.002318165700860214,0.00901416800926725,0.005652764197910307
2025-09-09,0.002446345388199633,-0.0013029396353635475,0.009211030386359904,-0.0010521091499816901,-0.0011783620816413205
2025-09-10,0.0047334506913961644,0.0032423820410365915,0.006978597242336144,0.0034057925731772005,0.0020779480871674994
2025-09-11,0.0021173333342140084,0.004033947316894466,-0.033970391525428904,0.0011137884972574875,0.009540249498391523
2025-09-12,-6.453047669498745e-05,-0.0008462322916120129,0.016136101836912095,0.0013585875814862908,-0.0021566974370487617
2025-09-15,0.003890539630027492,0.004966956772712584,0.01765709786058486,0.00905440641375876,0.005145038611712398
2025-09-16,-0.0005349389892234396,6.11547040708902e-06,-0.010665452961190777,0.0011072034816482254,-0.0001446127333037153
2025-09-17,-0.0011080257078430814,-0.0027365702119459007,-0.025140693081793664,-0.005994815870541454,-0.0014927692944857688
2025-09-18,-0.0024790216332131257,-0.001981962596038215,-0.006654653678350831,-0.0016995588101053154,0.002869014993304173
2025-09-19,0.003519787089294281,0.0019376975673472475,0.059833549635654425,0.009104350427684593,-6.636471475934293e-05
2025-09-22,0.0008148837622769333,0.002628534184938793,0.04555708638218531,0.013964038040691934,0.004030795366917608
2025-09-23,-0.001208357348167053,0.001814116456095424,-0.021316470764376663,0.001553416506156725,0.00031126776440513343
2025-09-24,-0.0027755790348595825,-0.0049895432445117485,-0.003414806892463382,-0.007499838519832816,-0.005754239310977098
2025-09-25,-0.0015170036584218694,-0.0009211819780375359,0.01464367813860785,0.001831921391641063,-0.003563322359709168
2025-09-26,0.0016512251953875491,0.0024646278474859413,0.02485994585912122,0.005760797239672615,0.004481745443874728
2025-09-29,0.0026769602690104814,0.00626211082912299,0.0161236455156729,0.01285890007943561,0.005551040491683909
2025-09-30,0.0015945022738887487,0.001542560096347302,0.027258804400172754,0.007271337238149249,0.0027405486940646133
2025-10-01,0.003872009233161827,0.00361492400981133,-0.00920250767683964,0.0020623359515107146,0.0040235191464957
2025-10-02,-0.00026946365530920214,0.0006380421933844558,-0.02291170590244593,-0.002251009365405162,0.00151241621326255
2025-10-03,-0.00039055984951963624,0.000939041317208916,0.00985427739524641,0.005893972719790736,0.002571623529041069
2025-10-06,0.0017196407581642177,0.002181677258970131,0.054318998764352214,0.014789925103616881,0.0022526695827385246
2025-10-07,0.0021610102381427587,0.001780540112834901,0.020706722034008168,0.0028027090833710766,-0.0029969487161801717
2025-10-08,-0.0009583283261640569,0.0033349777751215328,0.030429699090375413,0.013692742948690134,0.005515555507327156
2025-10-09,-0.0043967801653746206,-0.005806144221575113,-0.02351954380005256,-0.014318274604139803,-0.006192724879677476
2025-10-10,-0.0033939387821999316,0.000558660807765004,0.014022491893096699,0.0002301418000837151,-0.014525482139714512
2025-10-13,0.007762946210094039,0.009654853868797952,0.022033112722652647,0.021920371057045012,0.01500182583303918
2025-10-14,0.0013959313920300853,0.003291121982245366,0.008444665909028457,0.0049184217450512786,0.0028720275510831323
2025-10-15,0.0014499233184311834,0.004586721808262884,0.00586384917095539,0.013905623569272085,0.008020125198286314
2025-10-16,0.002153371929404662,0.006568972308149707,0.019484458449169347,0.0153610938759842,0.0011531647017896454
2025-10-17,-0.003369231760636132,-0.004840626835763792,-0.01647928362270368,-0.012306959667981435,-0.0009628326630401499
2025-10-20,0.005342278128640487,0.010944967331306302,0.062315860267869644,0.02949106287166394,0.013087559984568106
2025-10-21,-0.008547631010735881,-0.013712264025770622,-0.1209065987078104,-0.047190862946245235,-0.009493695612469918
2025-10-22,0.002593081036397399,0.00026798344560411666,-0.0014673440484642398,-0.0013039605477467736,-0.002892144138998306
2025-10-23,0.0016412724284571,0.0007751919254724686,0.008615551011689811,0.004514680127284492,0.003973827775939082
2025-10-24,0.0017904704688766046,0.0013064021723592039,-0.005371623744095205,-0.000289508106538047,0.004547276556508378
2025-10-27,-0.0024552668749831833,-0.0033546159454513154,-0.05583109679142977,-0.017304371843546537,0.003462040499620892
2025-10-28,-0.0004600956544101131,-0.0012526556314968653,0.002466787886493897,-0.004555452938550505,-0.002209166179636784
2025-10-29,0.0005860118628340395,-0.004373817821751251,0.018037731052738835,-0.002652944772694261,-0.005415940417714196
2025-10-30,-0.0036330765187361828,-0.0007497729164884406,0.039450784889748104,0.011498074776840967,-0.003988393808902073
2025-10-31,-0.00522655097590567,-0.0037190752203410658,0.0014146543105122195,-0.003115350126917126,-7.536415081618763e-05
2025-11-03,-0.0018801731516315775,-0.0010635380387224184,0.003754562410354924,0.0018151989818339293,0.0005945656808129783
2025-11-04,0.000337334424752625,-0.004322861955837295,-0.025872415603272404,-0.01601185918316327,-0.010029339019914105
2025-11-05,0.0005295271009954826,0.0009947138618880095,0.01656267194385961,0.009411750291163423,0.0042630231701423415
2025-11-06,0.005026158550031799,0.0022368200970963696,-0.011931998628132306,-0.003733175692858032,-0.0053877552113899465
2025-11-07,-0.0023144515414986262,-0.00011463256544697932,0.015992125599618184,0.0047543270018124625,0.0023803522056577682
2025-11-10,0.0047031597778888195,0.007905096272932259,0.07010209503601297,0.02422160199149688,0.011438588066349764
2025-11-11,0.003859222268440747,0.0037272438913298275,0.0063619606972428674,0.0034996431663496274,0.0036223746707007244
2025-11-12,0.0004825130249774469,0.0027338261653794436,0.04376494652374909,0.0119766069549867,0.0014303510931298583
2025-11-13,-0.0019051687118878946,-0.006723462246115285,-0.008488111674140611,-0.010345214505152796,-0.013443993325506245
2025-11-14,-0.0034643747102949623,-0.005593291965441689,-0.03899884841622069,-0.013294497615240703,-0.002568489601343306
2025-11-17,-0.000647912838364798,-0.0031084686141944705,-0.018134693304293025,-0.010893185099018363,-0.00879881025491385
2025-11-18,0.0017805026123685367,0.0010093934022539382,-0.003715689523256345,0.0031020107484015106,-0.002670793110454477
2025-11-19,0.002516201761118062,0.0005450750745985244,0.030477925590162703,0.0022231680943092386,-0.000557701250171083
2025-11-20,0.0024798430861836074,-0.0007993017086173515,-0.004545305018044961,-0.00426659734629026,-0.009352666075350768
2025-11-21,-0.0004068881355068683,0.0027952229551091562,-0.007008025307693715,0.001511513167461327,0.009144180894849648
2025-11-24,0.002828612632940926,0.0074902179954510146,0.03132994868791711,0.0155450437618446,0.010904621638416642
2025-11-25,0.0015882243848609353,0.0026531199451720025,0.0011760778790963896,0.002268216313009396,0.0074606786511582784
2025-11-26,0.0020585664215561714,0.00476902716704816,0.008418675570473176,0.007707353694791233,0.007006374091599187
2025-11-28,0.0003682971233183665,0.0018963692756048933,0.04005742617555915,0.01057285387730234,0.0037285310538682018
2025-12-01,0.000818473615818357,-0.002995135929656329,0.02938692070646363,0.0023262107331381734,-0.005629039619394946
2025-12-02,-0.002013054580386794,-0.0007630418890073773,-0.015015233499674817,-0.004236045183473599,0.0002989846558311272
2025-12-03,7.86719310049777e-05,0.0016191798041949466,-0.01266032199060805,0.00023785010348817816,0.00409964668177104
2025-12-04,4.830464082055663e-05,-0.0010402414977482499,0.006648368183719075,0.0006687516084947383,0.00023658874661966933
2025-12-05,0.001644390059650748,-0.0006066368597736817,-0.002601143405917975,-0.0008037282085311098,9.334881629746532e-05
2025-12-08,-0.0016709783279071477,-0.002265019840301629,-0.005457034885552573,-0.0027364207522258136,-0.002836379286704626
2025-12-09,-0.0024645032033674707,8.30475248278612e-05,0.007969237277971409,0.003542362893699278,5.754381817693052e-05
2025-12-10,0.005413262425170068,0.004949096772209572,-0.004562754410972097,0.004889897441481737,0.006997077840336456
2025-12-11,-0.00032429174535556556,0.001249896123639983,0.036628114019027304,0.00852578746290241,0.0027072535241903276
2025-12-12,-0.0011543334639676044,-0.004186423797821116,0.03353147406859163,0.0012498537849693668,-0.008158649966308
2025-12-15,0.001477588629096518,0.0007631839311493839,0.008369307427092024,0.000266814463207093,-0.0005580375764969686
2025-12-16,-0.0008036015915008045,0.00113568706007767,-0.003281813691103478,-0.00055923283639128,-0.001756346781220703
2025-12-17,0.0012941646306727454,-3.7503996798748343e-05,0.01140359991330004,0.0033809145904345334,-0.005019125058314947
2025-12-18,0.0019406310761039707,0.0032105587609443224,-0.01618280189054726,0.0006831644087395691,0.005337456064959792
2025-12-19,-0.0012475283713192743,-0.00045972842656108,0.01325381361071951,0.00323787034337654,0.004220789885853842
2025-12-22,0.00418044882777489,0.005356647842731809,0.057267902257416604,0.018602604165498162,0.006214211767314582
2025-12-23,0.0035352751347279294,0.0039943449781457835,0.03981477839658134,0.010944783290878547,0.003359121485315735
2025-12-24,0.0021471211067321137,0.0021245249172653366,-0.013396094067264597,-0.002100334407042682,0.0027351019432970297
2025-12-26,0.003614505746231161,0.0026405792258573325,0.02079851769311678,0.008546210446122636,0.0014211732116171676
2025-12-29,-0.00475775773352192,-0.008512512633488177,-0.10449060285367202,-0.032906107994515585,-0.006274762486468601
2025-12-30,0.00040571646654643286,-0.0005751813064295096,-0.0002142520442412045,0.00020962838851781667,-0.0006740191142999708
2025-12-31,-0.0022777467451764737,-0.004896269007016083,-0.012568640592036637,-0.0067180971804015575,-0.006380844071411147
2026-01-02,0.0032122420772997206,0.0020914324341218156,-0.035913563189007805,0.004136882888966369,0.005841018546338271
2026-01-05,0.0032006043684343556,0.00831741848896059,0.03722589879861434,0.021089593276674493,0.009918951023805094
2026-01-06,0.0010230636153999557,0.0029813113870244073,0.015100896796222467,0.009519823200115823,0.005887254494620857
2026-01-07,-0.004349651794194251,-0.0020337400919477277,-0.024912981118157925,-0.00787576923190954,-0.003178028416930219
2026-01-08,-0.0006026611079781834,-0.0007461553799657871,0.010870275526344987,0.0040277092758495385,0.00135743344503586
2026-01-09,0.0010302957946584667,0.0046444962607437535,0.008530382565204813,0.007074923131075552,0.00636884583266251
2026-01-12,0.002564211994895296,0.0037727874483675415,0.021393703342016845,0.014163808452803286,0.004809488577213921
2026-01-13,0.0007790246782680363,0.0007379171168187329,-0.003271022480501433,-0.0015747465903633473,-0.0010187355508300428
2026-01-14,0.0008794550241721076,0.0036509189990213517,-0.016448362751285243,0.006198830579400877,0.003053952245805588
2026-01-15,-0.002930720755019616,-0.0017003287458621443,-0.02635867055010492,-0.0037751729000052208,0.002215556431488644
2026-01-16,-0.004373078921852253,-0.003174078325166998,-0.009783808870905427,-0.0037607919398159853,-0.00033765568213368533
2026-01-20,0.0020604393965682703,0.001896499645863692,0.06743070293980474,0.02236911643154034,-0.008701078741977127
2026-01-21,0.0061909501377563165,0.0086137299725822,0.010920813529937835,0.013764172193472986,0.011548117150896039
2026-01-22,0.003771438851636182,0.005818118261744084,0.03831491119323817,0.01494372484448932,0.0051449409552771115
2026-01-23,0.0013844154228856694,0.003569062919420792,0.027606119060328956,0.01018836266074951,0.0017781018140454934
2026-01-26,0.001943096127448791,0.004038765310748057,0.04757897883177439,0.012090379016732374,0.0035478120007132042
2026-01-27,0.0024924163260907437,0.005451756594980133,0.028007505591885043,0.019070595725090008,0.007631286855360664
2026-01-28,0.006358192783515134,0.007360947382462389,0.08778203254939951,0.02844103066879018,0.0020875184255403434
2026-01-29,-0.0016668920609006063,0.000401366021373337,0.0011109800737355725,0.001461903558155979,0.0012341103891233274
2026-01-30,-0.0069949160245778115,-0.023179689824207657,-0.1662458570294182,-0.07622732947096317,-0.018774155420403407
2026-02-02,-0.004403263413120536,-0.00848923728000453,-0.078787284439237,-0.02808342107686275,-0.00255623347425647
2026-02-03,0.007864327443464708,0.013152490130627139,0.10621765085373079,0.04443904425401407,0.005400280931087236
2026-02-04,0.000494813092519134,-0.0018957551920735698,0.023256689929352033,-0.0018046275350432446,-0.0034674776859484092
2026-02-05,-0.00040452530690774356,-0.0033752384910982185,-0.09013366672340045,-0.022872801327914503,-0.008456059885581986
2026-02-06,0.0019500047681502016,0.009219358238161886,0.043819905389085034,0.02766308531101018,0.019220837590810547
2026-02-09,0.00047236462771836944,0.005936624284741053,0.0451347068569059,0.019932658008232407,0.0077417800627678085
2026-02-10,-0.004913380478047884,-0.0006040114819742078,-0.053320448005832397,-0.00797965815200993,0.0012534028377537236
2026-02-11,0.0028050465653703476,0.002231414395886146,0.004437586969043549,0.008242905954753459,0.0022046332447075937
2026-02-12,-0.00388152249753664,-0.005630367011348393,-0.10643682821389044,-0.029604011918672523,-0.010336500192022065
2026-02-13,0.0016662180982174653,0.007662856411571629,0.018845951851673065,0.018453413531153904,0.007690592660504087
2026-02-17,-0.0030416649642686956,-0.0058696879620393164,-0.06078259080240836,-0.022456676575900923,-0.0024880251276662583
2026-02-18,0.004804361199989522,0.00459519594254844,0.06617811847817945,0.01785131159421848,0.0031686266520967524
2026-02-19,0.0009505099311040718,0.0008393307941795888,0.0005310487071415982,0.0013497071739992012,-0.0007667925611706286
2026-02-20,0.0036186805592329516,0.0049333643066196455,0.028743637485882136,0.016396719705049117,0.00774328913134961
2026-02-23,0.001822724246877045,0.005173376411466481,0.0531072420032087,0.017121014678571154,-0.002357383553703557
2026-02-24,-0.0022519837369663026,-0.0019152017311305672,-0.0491097654966306,-0.008243466377369314,0.004072213296911788
2026-02-25,-0.001503101740287046,0.0003494666586690256,-0.0064698012859817884,0.0004019801408781116,0.00476161965657319
2026-02-26,-0.0011055248120130777,0.0014306693377405674,0.009657813738240895,0.004820186884778999,-0.0002845533258251053
2026-02-27,-0.0023497842424483337,0.0020594077831492617,0.020065672510094248,0.00836490673202421,-0.0009386543785129666
2026-03-02,0.0017228932221703686,-0.0002478014173744994,0.06899814208693161,0.009637050883794018,-0.002658944062933284
2026-03-03,-0.004277372028040851,-0.012229011775290588,-0.012475108414232602,-0.03509752682470594,-0.018931899402292524
2026-03-04,3.273380091989468e-05,0.003185014255477169,0.002740266588799023,0.007615353402337706,0.006948704597705363
2026-03-05,-0.003342194777968551,-0.006555350394343902,0.026707000646018574,-0.010305484909280703,-0.011522666772315874
2026-03-06,0.0007168299077347428,-0.00014639352722356277,0.03275168019618502,0.008140645300594287,-0.0074875595614319855
2026-03-09,0.0038490865822420686,0.005057033618118372,-0.03761371869191095,0.0008087715767867744,0.00831177738804245
2026-03-10,-0.0037882087915685355,-0.0022666685799025755,0.025522605146609516,0.007854484497013875,-0.0004528207957691367
2026-03-11,-0.00412817393055558,-0.006247806280197171,0.008806931026393985,-0.0028226353889474263,-0.004200202518274967
2026-03-12,-0.009946222571752992,-0.010141136116078916,-0.011561313687951491,-0.018466138245855503,-0.015043566188538148
2026-03-13,-0.003724108757829311,-0.00571564334186831,-0.033341698782516985,-0.011002838851389092,-0.005485876920664999
2026-03-16,0.0030749961651377806,0.004923687652272288,-0.04265871866702749,0.0020516862879207736,0.010818493023242115
2026-03-17,0.004952176460277246,0.0037279010255567924,-0.02502804051026126,-0.001150592546465759,0.003687119590423542
2026-03-18,-0.008108209398622557,-0.012080470526784,-0.05207343483353577,-0.02693706744088273,-0.015418515247129484
2026-03-19,-0.0017044228299295267,-0.0057308026335261735,-0.11434408880065014,-0.03091553954857916,-0.0038360872205315264
2026-03-20,-0.006161546579177784,-0.017107438695303855,0.018646142143308998,-0.02624591993034953,-0.02357722716616076
2026-03-23,0.0019604806159344576,0.001716935966081243,-0.1058370697837071,-0.013798109981765998,0.010657167008267346
2026-03-24,-0.00034479285421891697,-0.0021203676704056235,0.023671149611353307,-0.000728667986282622,-0.004150315627651335
2026-03-25,0.0029923020777803677,0.009751717476331783,0.03204306637589357,0.02357310621663571,0.010824966054805858
2026-03-26,-0.011659057070382143,-0.015792322900840462,-0.049985692668431426,-0.03234854845711789,-0.018772788412177565
2026-03-27,0.003456474079082692,0.004234680596469642,0.05483536920628221,0.021234054828413253,-0.005451456517435754
2026-03-30,0.0028278324306973434,0.003724101276753167,-0.0008378863120411966,-0.0011011594045163288,-0.0008211469068711678
2026-03-31,0.012618126948164205,0.01576209196193366,0.07294071218668652,0.03554799585026967,0.025172094437355592
2026-04-01,0.0011996068743290369,0.00523074760977565,0.035310696295113984,0.014851127296217171,0.007817219536609176
2026-04-02,-0.0016908213874866182,-0.0015055295837724336,-0.042625142710593374,-0.013863962369912036,-0.0004031486519341409
2026-04-06,-0.001512752565762085,-0.0012016826259694299,-0.012370899791850527,-0.00175297961370835,0.0025957964124396667
2026-04-07,0.00315632093744399,0.0029453909094203203,0.01503170793627112,0.007259065686161007,0.0018894618300501066
2026-04-08,0.003908377665126151,0.007953141496993664,-0.04397236728488109,0.01139439349764381,0.02334976196678074
2026-04-09,0.001938369532971718,0.0019390906861781545,0.036962139066582536,0.0072444444336872485,0.0028522430833463953
2026-04-10,-0.003609457690781527,-0.0020337594639319285,-0.013984303268140319,-0.0014836630646343435,5.175112203069794e-05
2026-04-13,0.0037950107806761545,0.002816247481295887,-0.008648225837006501,-0.00037557046361307066,0.006188571444190501
2026-04-14,0.003548860423089638,0.008537157275725333,0.026578423904436103,0.01964774862935342,0.01242392091016693
2026-04-15,0.0001201809689385636,-0.0018615267453646052,0.0029932145430075574,-0.0055401990623288495,0.0006863055409907505
2026-04-16,-0.0041103226090049,-0.002989462136748294,-0.0007830790669028399,1.969110682915594e-05,0.0008732024886091195
2026-04-17,0.0035329886684524517,0.008193184272741058,-0.004501209459277147,0.012972153208633149,0.01361506705931876
2026-04-20,-0.0021694406500397194,-0.0022885831078545927,-0.019007821321963356,-0.0068539607731408865,-0.0017723910690893327
2026-04-21,-0.0035474462413446982,-0.00955433305114528,-0.03165026126917326,-0.022532936624439837,-0.012514429130763328
2026-04-22,0.004874916039966856,0.005520764280290743,0.022772850410109884,0.012416777809792329,0.007152044889691707
2026-04-23,-0.005579397252287476,-0.0048017088446653,-0.0037786250697958443,-0.008149887792473564,-0.00452786906325851
2026-04-24,-0.0005749422690535253,0.003013920136569981,-0.0209947969704968,0.00582404826482147,0.007135875489556439
2026-04-27,-0.00046377153919407,-0.003471742733088907,0.0042809878697643595,-0.0052360871293603145,-0.002486525612593505
2026-04-28,-0.001501501743242344,-0.004318274454420859,-0.030116374641675752,-0.014922414447245857,-0.005424143037509379
2026-04-29,-0.005025312815110751,-0.006209001361845696,-9.791037144733523e-05,-0.007872030770522023,-0.0052811024734469815
2026-04-30,0.000965947251108362,0.005418711133624676,0.0004521605465523954,0.013638067556948255,0.012865532106084519
2026-05-01,-0.0012833186809515754,0.001148940061003356,-0.012725461492226892,-9.588201653358422e-05,0.0020414034750707117
2026-05-04,-0.001289737315523508,-0.006645438908035804,-0.037938119090769856,-0.01566900702458712,-0.00686853643635509
2026-05-05,0.0014399991355076032,0.0056871124369855365,-0.022008815398992486,0.008434915781840678,0.010264463218223894
2026-05-06,0.003313520975810053,0.01197833456778066,0.013838589124574321,0.025969726254614516,0.01839882668171299
2026-05-07,-0.0006487863976762407,-0.0032013759654035963,0.04488190948460183,0.00041170578312092114,-0.007377644660316748
2026-05-08,-0.0006611139016147417,0.00528720342023895,-0.03447385609728854,0.005749082290750687,0.009512787648148197
2026-05-11,-0.0001057273000115578,-0.0011176568958866369,0.01821458993520938,0.002094871856356399,7.149901698109538e-05
2026-05-12,-0.0008211140516199214,-0.004447108271370929,0.06903245382367457,-0.003308069275514737,-0.007773314586385874
2026-05-13,0.002778158962080052,0.0004508321594828796,-0.029433062044389096,-0.002633998630228147,0.0031944161297930446
2026-05-14,0.0009837306834526386,-0.0013512176893415383,0.009335820973686824,-0.0035128479793929425,0.0008276569927781744
2026-05-15,-0.002998520756147302,-0.01139093676309864,0.021866312143924233,-0.020245914875449123,-0.017945154908529645
2026-05-18,-0.002876277494637301,-0.0008016604773850942,0.008433819536471446,0.0018187853424414709,0.0009135724391634277
2026-05-19,-0.006936918497704954,-0.007776227219225362,-0.025432023411748682,-0.01393031022044079,-0.007435561794452331
2026-05-20,0.0024905050570468512,0.009736864050025289,-0.022593150789815167,0.013251029053796945,0.014759717151169782
2026-05-21,0.00036226205381724306,0.0016683673090416625,-0.02617084767111307,-0.00019410576180306396,0.0037861857573578857
2026-05-22,-0.0009843111621741626,-0.0001308085503159728,-0.013544769447217754,-0.004536545157373334,0.0015486787852628948
2026-05-26,-7.626460271920033e-05,0.004657942521714647,-0.08828520962478391,0.002083814315422618,0.011826414474184747
2026-05-27,0.0005727538572420943,-0.0018558380914851648,-0.028221234772221913,-0.009817809837309089,-0.002003136756613778
2026-05-28,0.00350631978392009,0.004771167899499139,0.02557155665790998,0.009159033451896394,0.004107288136795092
2026-05-29,0.003913043400949784,0.0029942129134501254,0.041882569949998415,0.00839972267168893,0.0004983173327339956
2026-06-01,0.002728021745963499,-0.0019806255882294007,-0.046519339331914454,-0.009590929272696787,-0.000957728067483468
2026-06-02,-0.0032052754285803453,0.0007931082648982092,-0.02977637321551085,0.001592782402603912,0.004369516949770741
2026-06-03,-0.005180500985211085,-0.004939263757648633,-0.013539219760058396,-0.009136823782498357,-0.0069001733309587785
2026-06-04,0.001173419324534118,0.002987506052189503,0.035557511006676076,0.007124682069159484,0.004539200662149924
2026-06-05,-0.008171173801945503,-0.016328725453225595,0.009216106116086581,-0.03369182848157742,-0.026771782712646464
2026-06-08,-0.001867146619336427,0.0007275665293303665,-0.03246470377930136,0.002510336628723182,0.0037120512770579496
2026-06-09,-0.0004355745700801569,-0.0013787549677978456,-0.06290551170725557,-0.012774620063427795,0.0006527179434886875
2026-06-10,-0.007779279519313013,-0.012056403615974627,-0.10024279911318976,-0.03462745653568512,-0.013687802538099248
2026-06-11,0.003332781012498126,0.015287464205429535,-0.021012660246081588,0.027529086196042232,0.02305969318981934
2026-06-12,-0.00017900499001175375,0.00030211072328071697,0.0001372655548296615,0.001855561591078385,0.0039048103787925623
2026-06-15,0.004484758154739248,0.00786507082157206,0.044981380666920597,0.023700315319719605,0.012772885391619727
2026-06-16,0.001599472923892183,0.0003108288885142627,0.029704464249872976,0.0004151239271653678,-0.003945246530819931
2026-06-17,-0.007730847885367268,-0.00787090258785177,-0.07757596196044687,-0.019992743569934766,-0.009512701512260122
2026-06-18,-0.0016528896521276492,0.003126910303825481,-0.0735530772391333,-3.288749589940975e-05,0.01078318954032204
2026-06-22,-0.0036036473438657165,-0.0031626592529494504,-0.044740833352951905,-0.00563480832339402,0.0005158334662042977
2026-06-23,-0.0007930707730995224,-0.006435967352413311,0.03238646770109804,-0.017738741096248213,-0.015258864355606904
2026-06-24,-0.002293658810383287,-0.0031665942912361177,-0.08656129583946162,-0.02230594773524339,-0.0014125230242401515
2026-06-25,-0.0012588405864788865,0.0030977900314653334,-0.012712255358170027,0.007487124831329626,0.005367080408431636
2026-06-26,-0.0003499878685266455,0.001373836116084263,0.015158292183444104,0.006364862712070543,-0.0009479811591652039
2026-06-29,0.001218989279582675,-0.0002278559337022131,0.01740653370068102,-0.0055448306756721135,0.003886412089829771
2026-06-30,-0.001531723576877272,-0.002865715396042718,0.011441599902253262,0.0016712893466933397,0.0014282388679640145
2026-07-01,0.004705599983173759,-0.0013829376261642516,0.09127738575466625,0.004065157992489306,-0.006182329013422996
2026-07-02,0.006621352253048025,0.00480015534417082,0.07824307098024859,0.014568724362853343,0.0012406049160245645
2026-07-06,0.0038153669003883266,0.00415707612305401,-0.001380382200350019,0.010086401580667833,0.007622956741278035
2026-07-07,-0.003264680337040013,-0.008895800149915251,0.043026836255718,-0.010178156757102319,-0.010007148663597231
2026-07-08,-0.0008466608657545418,-0.002918994704467744,-0.027826837513365378,-0.006733829907146948,-0.004203660296024937
2026-07-09,-0.0018541844046724707,0.0032768492034794816,0.01091413542374996,0.009563611888784268,0.007390123964618963
2026-07-10,-0.002083133739863984,-0.00183317068550218,0.011505464293393042,-0.0011258585251010562,0.0006275159344433854
2026-07-13,-0.005824467311699133,-0.010599048715039324,0.007674322906781797,-0.021275801957150894,-0.01255286308347363
2026-07-14,0.0026987878325927584,0.0054134505092230615,-0.005180475325947559,0.010983024914411204,0.006445209284957973
2026-07-15,0.0056960195610773895,0.002684875584262199,0.018472606082853157,0.0014480927571540083,0.0021678338132915735
2026-07-16,-0.003548610817446386,-0.0058700612016238315,-0.023046782175341323,-0.016012058115774008,-0.0055449020129658445
2026-07-17,-0.0006458755091940746,0.0010688287208227318,0.016415665672772608,0.004310014465164488,-0.003958027473589516
2026-07-20,-0.0005145345038826389,-0.002995172116895712,-0.0013236687817533262,-0.002043336074506511,-0.003155589414427043
2026-07-21,-0.0031433735768279106,0.003905665663687238,-0.0020555400638174823,0.01661761383910994,0.01092949499469496
2026-07-22,0.002219359524251723,0.000955646083174734,0.051773382627409624,0.00813374976876478,-0.0018791675711709063
2026-07-23,-0.004077380963797247,-0.007928725103077874,-0.05586973315141077,-0.018000609676709647,-0.009614250653508462
2026-07-24,-0.0005931612707559147,-0.0006815026681496948,0.0458529776503807,0.0010210116686059753,-0.0005360233227929105
2026-07-27,0.002421136953896805,0.0035157811680859036,0.0012346856761905195,0.005447203817925944,0.0028696949895862514
2026-07-28,0.002639114278275909,-0.0014942225310715315,0.019810565265934964,-0.009672214933027458,-0.0029843905199591018
2026-07-29,-0.0008952360313121016,-0.004857041584826922,0.03259786279563045,-0.0006908044548410196,-0.010918294799559011
2026-07-30,0.0022395229005047427,0.0074891841826509225,-0.008457896585790745,0.01648594338843477,0.015405070034768034
2026-07-31,0.004705663458569797,-0.003286988873545061,0.0013887323602670386,-0.00902669582220794,-0.0019866154478974623
2026-08-03,0.002900145518744715,0.003321602540410168,0.023062522103645473,0.004121543128485438,0.00719652808001212
2026-08-04,0.0028237080469753193,0.007885928578769227,-0.015668501840669077,0.009631227320077589,0.014197739509171635
2026-08-05,0.0058195884522101405,0.008180033403844995,0.10643378783032845,0.029845614964071735,0.0025184371866204805
2026-08-06,-0.0011481879428291196,-0.0029387565319142364,0.03454248706275764,-0.00036815231018575415,-0.004425316346412135
2026-08-07,0.0005458730189982102,0.0067438583864237915,0.02857054342166796,0.018206199962314987,0.008979464911994913
2026-08-10,0.0008457844849735902,-0.0019351371427365224,0.06582833587086416,0.007420234430602303,-0.004205703507827838
2026-08-11,-0.0007418261955519157,-0.0007021644089408842,-0.028526507959703153,-0.0037311136724466273,-0.0008922394742349995
2026-08-12,0.0013311414916533054,0.0036967701905829837,-0.015344642673529342,0.007917021166995561,0.006093389714416187
2026-08-13,-0.0007113440678734764,0.00032555424653094066,-0.03813007300094945,-0.008952305296512945,0.0038271262897533486
2026-08-14,-0.0032558684299291685,-0.0016096642717368533,0.009820471671423636,0.004111424268449739,-0.00016212850629530916
2026-08-17,1.5150807567056645e-05,-0.0005301312824898706,0.0007300039066045257,0.006076807842377066,-0.0013128531331886104
2026-08-18,0.0007375625313556283,-0.004325813933293807,0.014988998216256906,-0.014361695112899274,-0.010248098207224129
2026-08-19,0.007078121369761326,0.01329585254761059,0.045868037432089455,0.028724894282375055,0.010282757516796965
2026-08-20,-0.0023358999980530866,-0.002843900685548707,-0.016244046778138954,0.00028671981609713947,-0.0037584792701631465
2026-08-21,0.002247816866795891,0.0037653453353891538,0.04305282033671958,0.015408766058584355,0.004973380027498545
2026-08-24,0.002023660407618584,0.002494794119012756,0.03787951576690849,0.004994066138219238,-0.0015458778867687845
2026-08-25,0.0035246538612193987,0.005937141953268191,-0.03730647612445994,0.003224037852951251,0.0066991829035564
2026-08-26,-0.000504886476494496,-0.003824799216239559,-0.02385572582095382,-0.011518355886274754,-0.0034467210837786895
2026-08-27,0.0014419120214480673,0.0010546314934788204,0.017282075482980684,0.003972258080059901,0.0020248494196945287
2026-08-28,-0.004448598824787508,-0.009618289168747277,-0.04139923579680491,-0.024422471137150053,-0.008359848297888576
2026-08-31,-0.00028644686953960665,-0.0014229142580822552,0.0006325032597259972,-0.0016385331046482156,-0.003112586846004997
2026-09-01,-0.005396937787112411,-0.01010937377794542,-0.05395922565732352,-0.022805094467342715,-0.009216976535728309
2026-09-02,0.00427243538294705,0.004556000587693536,0.03436980217024195,0.012338174490596559,0.004621307707293383
2026-09-03,0.002820348993938586,0.0057714132976771975,0.05686429267836571,0.01634446030682036,0.008046952483215655
2026-09-04,-0.0031505706446396473,-0.0014427426983410752,-0.07528592256006023,-0.007199236446274182,0.000747797751719428
2026-09-08,-0.003672277456181439,-0.003939343544462096,-0.06457654922846716,-0.014184831607368402,-0.003644128868221076
2026-09-09,0.003460273256565229,0.0002566257102345743,0.0383010048521024,0.005432324232279179,-0.005107406187217619
2026-09-10,-0.00736683868576671,-0.011028488211192131,0.017247073364960216,-0.01431702184073459,-0.011490823704859219
2026-09-11,0.0003018642962816122,0.0021275053411593616,0.012548822223285284,0.006729919261246662,0.006423465800016528
2026-09-14,-0.0027899872231479375,-0.0046343912084097294,0.010140723329649291,-0.012104093360197406,-0.007815780364414273
2026-09-15,0.0023247539658422106,9.066238166539176e-05,0.011088546888986769,0.0012292511957091223,-0.0031015888033788727
2026-09-16,-0.0008774067204089168,-0.0005149004325302882,-0.03116926553710933,-0.005661380980751888,-0.002401475404454726
2026-09-17,0.005867841994262523,0.009682651473887527,0.01613428530927035,0.015421110220745462,0.011126979997918377
2026-09-18,-0.0003469509775369998,-0.0013339979072224946,0.033183037626655226,0.005521175965100317,-0.002082886878422583
